ID_Cliente,Nombre_Cliente,Categoría_Producto,Cantidad_Comprada,Fecha_Compra
897,Vernen Bellow,Decoración,4,01/01/2025
201,Chauncey Kennewell,Electrónica,2,01/01/2025
933,Leanna Vaune,Decoración,2,01/01/2025
684,Myrta Farryn,Decoración,5,01/01/2025
875,Luisa Hanretty,Electrodomésticos,6,01/01/2025
544,Georgette Bissett,Accesorios de audio,4,01/02/2024
645,Benita Cuschieri,Electrodomésticos,4,01/02/2024
580,Horatia Fonzo,Artículos deportivos,5,01/02/2024
41,Janith Truelove,Accesorios de audio,4,01/02/2025
619,Maggee Porcas,Decoración,4,01/02/2025
747,Zedekiah Barr,Electrodomésticos,5,01/02/2025
683,Robby Marcombe,Electrónica,6,01/02/2025
755,Monroe Mackin,Electrodomésticos,7,01/03/2024
39,Linus Sicely,Electrónica,6,01/04/2024
119,Gay Dugue,Accesorios de audio,6,01/04/2024
521,Danni Carmen,Decoración,8,01/04/2024
549,Bunni Bonhan,Decoración,3,01/05/2024
457,Godfree Headington,Accesorios de audio,4,01/06/2024
227,Dorella Zylberdik,Artículos deportivos,5,01/06/2024
66,Aura Ruvel,Electrodomésticos,6,01/06/2024
910,Bail Dundendale,Electrodomésticos,9,01/06/2024
148,Marlena Janson,Electrodomésticos,5,01/07/2024
771,Kalindi Kender,Artículos deportivos,3,01/07/2024
784,Gale Oliff,Electrónica,5,01/07/2024
367,Alyssa Poxson,Electrónica,2,01/08/2024
613,Inesita McPolin,Indumentaria,6,01/08/2024
954,Gordie Brayfield,Artículos deportivos,2,01/09/2024
767,Lyon Pierce,Accesorios de audio,4,01/09/2024
719,Brana Daenen,Accesorios de audio,3,01/10/2024
647,Hadria McPhilip,Electrodomésticos,5,01/10/2024
416,Yuri Dainter,Artículos deportivos,6,01/10/2024
745,Carri Fielden,Decoración,4,01/11/2024
955,Karoline Beaford,Decoración,7,01/11/2024
383,Inez Loads,Accesorios de audio,6,01/12/2024
536,Peta Frosdick,Electrodomésticos,3,02/01/2025
715,Brnaba Dilon,Accesorios de audio,3,02/01/2025
723,Beverie Britee,Indumentaria,4,02/01/2025
13,Kristofor Janew,Artículos deportivos,3,02/02/2024
639,Harbert Alabastar,Artículos deportivos,5,02/02/2024
506,Faith Bogeys,Indumentaria,6,02/02/2024
836,Gerardo Peatheyjohns,Artículos deportivos,6,02/02/2024
953,Cordy Orr,Decoración,6,02/02/2024
24,Rogerio Mollatt,Decoración,2,02/02/2025
934,Jaime Delafoy,Decoración,2,02/02/2025
11,Trumann Skypp,Decoración,4,02/02/2025
984,Juliet Badrock,Accesorios de audio,5,02/02/2025
462,Shellysheldon Tythacott,Artículos deportivos,3,02/03/2024
333,Sofia Corness,Accesorios de audio,4,02/03/2024
530,Valery Tunniclisse,Electrodomésticos,4,02/03/2024
814,Dunn Cahalan,Indumentaria,4,02/03/2024
8,Gayla Jimeno,Indumentaria,5,02/03/2024
503,Abbey Anger,Electrodomésticos,5,02/03/2024
526,Camala Duggleby,Electrodomésticos,3,02/04/2024
456,Liva Cuddihy,Artículos deportivos,6,02/04/2024
518,Halette De Zuani,Electrónica,8,02/04/2024
893,Linoel Crosher,Electrodomésticos,7,02/05/2024
324,Ilene Alvin,Decoración,7,02/05/2024
177,Rolland Tussaine,Accesorios de audio,3,02/06/2024
60,Elwyn Marriott,Indumentaria,2,02/06/2024
373,Bambi Parish,Indumentaria,5,02/06/2024
313,Alaine McLemon,Electrónica,7,02/06/2024
17,Jany Aymer,Artículos deportivos,3,02/07/2024
296,Sonya Rainbird,Accesorios de audio,4,02/07/2024
169,Haywood Arthurs,Accesorios de audio,3,02/08/2024
682,Joelynn Titherington,Accesorios de audio,5,02/08/2024
928,Aland Leve,Indumentaria,6,02/08/2024
200,Marion Snufflebottom,Artículos deportivos,2,02/09/2024
859,Tonia Whatman,Decoración,4,02/09/2024
297,Sabine Ridel,Electrodomésticos,5,02/10/2024
364,Mace Towey,Electrónica,5,02/10/2024
329,Margarete Harrowing,Indumentaria,6,02/10/2024
551,Fransisco Dachs,Indumentaria,4,02/11/2024
158,Lois Kubala,Electrónica,6,02/11/2024
283,William Chelam,Decoración,8,02/11/2024
688,Gracie Cunnow,Artículos deportivos,2,02/12/2024
36,Mickey Harback,Accesorios de audio,3,02/12/2024
224,Xylina Monni,Electrodomésticos,4,02/12/2024
559,Jodee Middell,Electrodomésticos,2,03/01/2025
783,Thor Dike,Indumentaria,2,03/01/2025
668,Ranice Chateau,Electrodomésticos,4,03/02/2024
334,Caresa Zack,Electrónica,5,03/02/2024
815,Brandy Rangall,Electrodomésticos,5,03/02/2024
845,Obadias Castella,Accesorios de audio,5,03/02/2024
991,Simeon Addionisio,Accesorios de audio,3,03/02/2025
64,Benetta Wells,Artículos deportivos,5,03/02/2025
153,Nikkie Moxley,Decoración,5,03/02/2025
332,Feliks Lonsbrough,Artículos deportivos,5,03/02/2025
538,Cristine Tewelson,Indumentaria,5,03/02/2025
576,Randee Minter,Electrónica,7,03/02/2025
281,Malinda Boothroyd,Artículos deportivos,2,03/03/2024
46,Rayshell Buckwell,Decoración,4,03/03/2024
412,Haleigh Lovemore,Decoración,4,03/03/2024
584,Anita Cragoe,Indumentaria,3,03/04/2024
496,Pancho Tierny,Indumentaria,4,03/04/2024
904,Mariya Weeden,Accesorios de audio,3,03/05/2024
368,Tansy Nazer,Electrónica,3,03/06/2024
378,Ara Rayworth,Accesorios de audio,6,03/06/2024
49,Odette Klaaassen,Accesorios de audio,3,03/07/2024
924,Hewie Hissie,Electrodomésticos,5,03/07/2024
548,Aldin Vasse,Indumentaria,3,03/10/2024
391,Poppy Tomczykowski,Electrodomésticos,4,03/10/2024
640,Winna Iannelli,Accesorios de audio,4,03/10/2024
254,Gan Angell,Electrónica,5,03/10/2024
311,Kalle Tatum,Electrónica,6,03/10/2024
806,Lurette Allsupp,Artículos deportivos,4,03/10/2024
447,Mag Chezier,Electrónica,3,03/11/2024
818,Aidan Zamora,Artículos deportivos,5,03/11/2024
157,Elana McKerley,Artículos deportivos,3,03/12/2024
788,Donia Klaessen,Electrónica,3,03/12/2024
694,Glory Lockhurst,Artículos deportivos,4,03/12/2024
856,Mandie Halgarth,Indumentaria,4,03/12/2024
290,Allistir Lewins,Decoración,7,03/12/2024
233,Reider Yeardley,Indumentaria,2,04/01/2025
194,Ashley Andries,Electrodomésticos,5,04/02/2024
264,Lawton Petersen,Electrodomésticos,5,04/02/2024
705,Kaylee Astupenas,Artículos deportivos,5,04/02/2024
977,Hedvig Edgin,Indumentaria,8,04/02/2025
48,Kimbra Cassedy,Indumentaria,3,04/03/2024
245,Marget Backhurst,Indumentaria,3,04/03/2024
774,Wanids Barensky,Artículos deportivos,4,04/03/2024
375,Em McDougle,Electrodomésticos,5,04/03/2024
499,Neilla Sotheron,Artículos deportivos,7,04/03/2024
20,Shelby Addy,Electrodomésticos,3,04/04/2024
656,Jilly Feeham,Accesorios de audio,4,04/04/2024
140,Walt Fothergill,Decoración,3,04/05/2024
890,Annabela Kurten,Electrodomésticos,5,04/05/2024
612,Ondrea Upex,Indumentaria,2,04/06/2024
711,Edvard Andrewartha,Electrodomésticos,5,04/06/2024
739,Shaine Dupree,Electrodomésticos,3,04/07/2024
220,Bidget Westnage,Indumentaria,6,04/07/2024
204,Freeland Fenelow,Indumentaria,4,04/07/2024
380,Rhett Dufty,Decoración,3,04/08/2024
792,Daven Tozer,Accesorios de audio,5,04/08/2024
864,Goraud Kester,Artículos deportivos,5,04/08/2024
353,Tully Kolczynski,Indumentaria,4,04/09/2024
605,Miranda Liff,Electrodomésticos,4,04/09/2024
931,Isabeau Choudhury,Decoración,5,04/10/2024
124,Chrisy Jentzsch,Electrodomésticos,3,04/10/2024
565,Rennie Inkle,Decoración,4,04/10/2024
171,Selestina Dhennin,Electrónica,2,04/11/2024
470,Denys Skittrell,Indumentaria,2,04/11/2024
733,Newton Hugnet,Decoración,2,04/11/2024
900,Loraine Ioselevich,Accesorios de audio,3,04/11/2024
632,Isa Quinell,Electrónica,5,04/11/2024
314,Cynthy Kew,Electrónica,3,04/12/2024
669,Ester Gloyens,Accesorios de audio,4,04/12/2024
349,Maire Paolillo,Indumentaria,5,04/12/2024
832,Giffer Parkeson,Artículos deportivos,1,05/01/2025
805,Koressa Maceur,Electrodomésticos,3,05/01/2025
902,Annadiana Gebuhr,Electrodomésticos,5,05/01/2025
762,Joellen Vaugham,Electrónica,6,05/01/2025
357,Moe Cleaton,Electrónica,10,05/01/2025
596,Justin Grove,Electrónica,2,05/02/2024
234,Jefferey Wallworke,Electrodomésticos,3,05/02/2024
454,Deeann Breinlein,Electrónica,5,05/02/2024
965,Merrill Aucutt,Indumentaria,6,05/02/2024
394,Syman Brecher,Electrodomésticos,6,05/02/2025
573,Pearline O'Hederscoll,Decoración,6,05/02/2025
554,Robby Rottger,Electrónica,3,05/04/2024
71,Carie Stanislaw,Accesorios de audio,3,05/04/2024
425,Nancie Tredget,Decoración,2,05/05/2024
797,Carlin Wiggett,Accesorios de audio,2,05/05/2024
607,Willette Pulhoster,Indumentaria,3,05/05/2024
450,Charla Cooke,Electrónica,5,05/06/2024
578,Diann Hallett,Indumentaria,6,05/06/2024
854,Berenice Greeveson,Indumentaria,6,05/06/2024
108,Andree Coom,Decoración,3,05/07/2024
209,Town Messer,Decoración,6,05/07/2024
810,Shirlee Sorensen,Electrónica,2,05/08/2024
308,Ervin Humpatch,Indumentaria,7,05/08/2024
67,Erskine Gheerhaert,Indumentaria,5,05/09/2024
699,Arlee Murrells,Artículos deportivos,7,05/09/2024
30,Wynne Laban,Decoración,1,05/10/2024
753,Adelbert Mechi,Accesorios de audio,1,05/11/2024
696,Jerrie Brazenor,Electrónica,2,05/11/2024
679,Ashly Fishburn,Artículos deportivos,3,05/11/2024
74,Prent Elvy,Accesorios de audio,5,05/11/2024
851,Arnuad Bisiker,Accesorios de audio,6,05/12/2024
274,Curtice Achrameev,Decoración,7,05/12/2024
51,Clea Saines,Electrónica,3,06/01/2025
213,Rodd Feek,Electrodomésticos,4,06/01/2025
422,Pen Breslane,Accesorios de audio,4,06/01/2025
758,Kellie McCroary,Artículos deportivos,7,06/02/2025
976,Cathrine Howe,Decoración,10,06/02/2025
525,Toddie Seccombe,Artículos deportivos,2,06/03/2024
113,Nata Forbear,Indumentaria,5,06/03/2024
31,Barth Adrian,Electrónica,3,06/04/2024
916,Vyky Rutgers,Indumentaria,6,06/04/2024
5,Udale Brasier,Accesorios de audio,3,06/05/2024
35,Nichols Snedden,Indumentaria,4,06/05/2024
644,Barbara Christon,Accesorios de audio,5,06/05/2024
473,Berke Awmack,Accesorios de audio,6,06/05/2024
691,Carrie Stubley,Electrónica,6,06/05/2024
587,Meredith Moth,Accesorios de audio,7,06/05/2024
453,Silvio Jeyness,Accesorios de audio,8,06/05/2024
389,Toby Redsall,Electrónica,2,06/06/2024
730,Filippa Demoge,Accesorios de audio,2,06/06/2024
572,Jeramey Pfeifer,Indumentaria,3,06/06/2024
134,Raynell Squibb,Electrodomésticos,4,06/06/2024
306,Myrta Edds,Artículos deportivos,3,06/07/2024
763,Bernardina Prenty,Decoración,4,06/07/2024
338,Manny Brundrett,Artículos deportivos,6,06/07/2024
282,Jillene Tancock,Artículos deportivos,4,06/08/2024
93,Malchy Rosenstein,Artículos deportivos,5,06/08/2024
251,Minne Van Son,Electrónica,2,06/09/2024
300,Elroy Fitzroy,Decoración,3,06/09/2024
651,Pattie Chomicki,Decoración,5,06/09/2024
704,Giustina Skade,Accesorios de audio,6,06/10/2024
237,Andris Hinchon,Electrónica,7,06/11/2024
888,Megen Soars,Decoración,3,06/12/2024
82,Demetre Leonards,Electrónica,2,06/12/2024
185,Amii Sor,Electrónica,7,06/12/2024
191,Gregoor Ridgwell,Electrodomésticos,2,07/01/2025
57,Moyna Cubbit,Electrodomésticos,3,07/01/2025
413,Toma Sollime,Artículos deportivos,3,07/01/2025
172,Stafford Hemphill,Electrónica,2,07/02/2024
132,Madelon Peegrem,Accesorios de audio,3,07/02/2024
106,Cora Gowdy,Electrodomésticos,4,07/02/2024
461,Klara Hovert,Electrodomésticos,4,07/02/2024
252,Merridie Seavers,Artículos deportivos,6,07/02/2024
884,Chrisse Furse,Artículos deportivos,6,07/02/2024
291,Dru Staves,Electrodomésticos,2,07/02/2025
996,Cathyleen Corlett,Decoración,3,07/03/2024
528,Feodora Houlison,Electrónica,4,07/05/2024
561,Tedda Schwander,Artículos deportivos,4,07/05/2024
463,Aubrie Gosz,Electrodomésticos,3,07/05/2024
156,Ward Hazeman,Electrónica,4,07/05/2024
68,Kylie Berkery,Accesorios de audio,7,07/05/2024
712,Garrik Kinnerk,Indumentaria,6,07/08/2024
819,Bartholemy Buckham,Decoración,3,07/08/2024
129,Eberto Purves,Electrónica,4,07/08/2024
800,Happy Ghilardi,Electrónica,5,07/08/2024
275,Lorry De Bruyn,Electrónica,4,07/09/2024
179,Rowena Perrot,Electrodomésticos,7,07/09/2024
328,Chane Bickerdike,Accesorios de audio,6,07/10/2024
69,Mitchel Abramovicz,Artículos deportivos,3,07/11/2024
649,Bogart Ickovits,Artículos deportivos,3,07/11/2024
598,Beverlie McCrum,Indumentaria,5,07/11/2024
972,Corie Jesper,Accesorios de audio,5,07/11/2024
988,Archaimbaud Eburah,Decoración,6,07/11/2024
273,Marrilee Mahmood,Electrónica,4,07/12/2024
356,Ernestus Rosenvasser,Indumentaria,6,07/12/2024
808,Eden McNee,Electrónica,5,08/01/2025
603,Zachery Fossord,Decoración,3,08/02/2024
914,Markus Reeveley,Artículos deportivos,4,08/02/2024
842,Fulton Doerffer,Electrónica,2,08/03/2024
58,Guenna Pountney,Electrónica,3,08/03/2024
326,Marna Sherratt,Artículos deportivos,4,08/03/2024
509,Fairlie Manklow,Indumentaria,4,08/03/2024
917,Faith Dytham,Indumentaria,4,08/03/2024
379,Dane Stepney,Electrónica,3,08/04/2024
27,Dukey Shoebrook,Accesorios de audio,6,08/04/2024
921,Babita Slimm,Accesorios de audio,4,08/05/2024
160,Sheryl Bilbery,Decoración,6,08/05/2024
844,Griselda Broomer,Artículos deportivos,1,08/06/2024
775,Kerby LaBastida,Decoración,4,08/06/2024
216,Alberto Costin,Indumentaria,2,08/08/2024
83,Pincus Eamer,Accesorios de audio,4,08/08/2024
433,Dur Theseira,Decoración,5,08/08/2024
99,Maxi Creggan,Artículos deportivos,7,08/08/2024
164,Charmine Apark,Decoración,7,08/08/2024
756,Chris Parrot,Accesorios de audio,2,08/09/2024
840,Roselia Pickburn,Electrónica,3,08/09/2024
289,Willey Sweeten,Indumentaria,4,08/09/2024
579,Marylou Carabet,Artículos deportivos,4,08/09/2024
532,Giff McMearty,Artículos deportivos,5,08/09/2024
472,Rosa Thurman,Electrodomésticos,6,08/09/2024
995,Karia Tilt,Accesorios de audio,6,08/09/2024
534,Marni Richards,Indumentaria,3,08/10/2024
377,Jilleen Spenley,Artículos deportivos,5,08/10/2024
359,Catharina Dyter,Indumentaria,5,08/11/2024
615,Gretta Castelyn,Decoración,7,08/12/2024
360,Dorothee Burnage,Indumentaria,3,09/01/2025
136,Adelle Silvers,Electrodomésticos,5,09/02/2024
436,Teddi Kynd,Indumentaria,3,09/02/2025
104,Sandy Hammon,Accesorios de audio,3,09/02/2025
53,Georgiana Terrans,Electrodomésticos,4,09/02/2025
312,Anny Daingerfield,Electrodomésticos,5,09/02/2025
637,Murdock Mewton,Decoración,5,09/02/2025
702,Caryl Crab,Indumentaria,5,09/02/2025
144,Hiram Dur,Electrodomésticos,8,09/02/2025
689,Robinet Hinkins,Artículos deportivos,4,09/03/2024
908,Hadley Beeckx,Electrodomésticos,5,09/03/2024
880,Hewitt MacCartan,Artículos deportivos,2,09/04/2024
992,Sal Maciocia,Electrónica,2,09/04/2024
94,Mandy Mackie,Electrónica,4,09/04/2024
817,Marcille Oolahan,Electrónica,2,09/05/2024
7,Cicily Brittain,Artículos deportivos,4,09/05/2024
187,Christopher Chaff,Electrodomésticos,5,09/06/2024
757,Evvy Ceschelli,Decoración,2,09/07/2024
115,Reuven Straniero,Indumentaria,3,09/07/2024
263,Anni Challice,Artículos deportivos,3,09/07/2024
522,Nessi Lanfranchi,Indumentaria,3,09/07/2024
321,Hodge Cowling,Accesorios de audio,2,09/08/2024
481,Glenn Kennifick,Decoración,4,09/08/2024
798,Halsy Shaves,Decoración,4,09/08/2024
443,Robinia Whitham,Artículos deportivos,6,09/08/2024
42,Clerkclaude Bydaway,Decoración,2,09/09/2024
816,Florence Waterfield,Electrónica,6,09/09/2024
990,Lorita Garric,Decoración,3,09/10/2024
795,Sydel Doyley,Accesorios de audio,1,09/11/2024
61,Linzy Udy,Indumentaria,7,09/11/2024
440,Monro Gartan,Indumentaria,2,09/12/2024
386,Blondell Tarbet,Artículos deportivos,6,09/12/2024
268,Nikolaus Moreland,Decoración,4,10/01/2025
430,Bianka Rotherforth,Decoración,4,10/01/2025
468,Ettore McKleod,Electrodomésticos,3,10/02/2024
147,Tootsie Hamblyn,Accesorios de audio,5,10/02/2024
438,Maggie Tourle,Accesorios de audio,3,10/02/2025
675,Taite Mollene,Electrodomésticos,6,10/02/2025
941,Audy Adran,Decoración,7,10/02/2025
390,Birch Collister,Decoración,3,10/03/2024
761,Deena Allchorn,Decoración,5,10/03/2024
256,Nolana Doe,Artículos deportivos,2,10/04/2024
966,Washington Sollime,Accesorios de audio,3,10/04/2024
384,Fergus Deftie,Electrodomésticos,2,10/05/2024
507,Wilbur Bubbins,Decoración,2,10/06/2024
850,Randolph Janaszewski,Indumentaria,2,10/06/2024
512,Gilberta Congreve,Electrónica,3,10/06/2024
737,Nicoli Mordaunt,Artículos deportivos,3,10/06/2024
930,Percival de Leon,Accesorios de audio,3,10/06/2024
614,Samara Runacres,Electrodomésticos,5,10/06/2024
641,Tabb Derle,Electrónica,8,10/06/2024
566,Giorgia Kilpatrick,Accesorios de audio,1,10/07/2024
319,Thatcher Bliss,Artículos deportivos,4,10/07/2024
617,Gasper McCurley,Accesorios de audio,6,10/07/2024
655,Clevie Robken,Electrodomésticos,2,10/08/2024
883,Laurens Menlove,Indumentaria,1,10/09/2024
882,Arluene Van Hault,Electrodomésticos,2,10/09/2024
938,Conny Gaynsford,Electrónica,3,10/10/2024
118,Collete Adamoli,Electrónica,2,10/11/2024
515,Jessie Pautard,Electrónica,3,10/11/2024
906,Annabela Sizey,Artículos deportivos,3,10/11/2024
397,Shelli Gregs,Electrodomésticos,5,10/11/2024
219,Georgianne Scowcraft,Electrónica,3,11/01/2025
459,Stephannie Davenhall,Indumentaria,3,11/01/2025
780,Jen Kendell,Indumentaria,4,11/01/2025
958,Noami Brennen,Electrónica,4,11/01/2025
88,Hansiain Sollas,Electrónica,6,11/01/2025
502,Rollin McCready,Accesorios de audio,6,11/01/2025
667,Graehme Sleigh,Artículos deportivos,4,11/02/2024
405,Say Shawell,Electrodomésticos,5,11/02/2024
987,Mei Shalcros,Decoración,5,11/02/2024
276,Chrisse Jozefiak,Electrodomésticos,3,11/02/2025
894,Sherry Kiezler,Artículos deportivos,6,11/02/2025
271,Moria Shadfourth,Decoración,3,11/03/2024
358,Andreana Taudevin,Accesorios de audio,6,11/03/2024
838,Goraud Revitt,Artículos deportivos,9,11/06/2024
654,Sarette Walewicz,Decoración,3,11/07/2024
936,Lori Teodoro,Decoración,2,11/07/2024
165,Dacy Swoffer,Accesorios de audio,4,11/07/2024
659,Mandel Ellison,Artículos deportivos,5,11/08/2024
786,Gertrud Klossek,Electrónica,6,11/08/2024
344,Jorrie McCrow,Electrónica,5,11/09/2024
370,Juana Antonognoli,Decoración,5,11/09/2024
796,Maje Van Halen,Decoración,7,11/09/2024
777,Ardisj Hemms,Artículos deportivos,2,11/10/2024
402,Arlyne Le Sieur,Electrodomésticos,3,11/10/2024
10,Berkeley Carnachen,Artículos deportivos,5,11/10/2024
202,Miner Aurelius,Electrónica,6,11/10/2024
827,Kelbee Klaiser,Electrónica,3,11/11/2024
686,Lynelle Leman,Accesorios de audio,4,11/11/2024
139,Tiffi Stealy,Electrónica,4,11/12/2024
672,Joni Woodrooffe,Accesorios de audio,4,11/12/2024
437,Leontine Barnett,Decoración,5,12/01/2025
846,Felice Berlin,Artículos deportivos,4,12/01/2025
980,Janenna Worling,Electrónica,4,12/01/2025
911,Meghann Clift,Artículos deportivos,5,12/01/2025
262,Melodie Maddocks,Indumentaria,5,12/02/2024
829,Charla Cavet,Artículos deportivos,6,12/02/2024
804,Izak Richfield,Indumentaria,7,12/02/2024
205,Guilbert Arthars,Electrónica,3,12/02/2025
253,Melantha Lacotte,Accesorios de audio,3,12/02/2025
759,Glory Sainer,Decoración,3,12/03/2024
952,Zaneta Cairns,Electrodomésticos,3,12/03/2024
305,Renato Bodd,Decoración,7,12/03/2024
849,Simonette Winman,Artículos deportivos,3,12/04/2024
249,Sherrie Troup,Artículos deportivos,5,12/04/2024
218,Neddie Amsden,Artículos deportivos,4,12/05/2024
545,Hildegaard Ebbles,Decoración,4,12/05/2024
320,Krispin Quade,Electrodomésticos,5,12/05/2024
866,Dagmar Le Breton De La Vieuville,Artículos deportivos,2,12/06/2024
948,Isabella Wallsworth,Electrónica,2,12/06/2024
557,Waly Lefridge,Decoración,5,12/07/2024
944,Stefan Stennine,Indumentaria,5,12/07/2024
63,Gillie Jennemann,Indumentaria,8,12/07/2024
826,Elaine Carpe,Decoración,1,12/08/2024
633,Ophelie Rangall,Decoración,3,12/08/2024
716,Yoshiko Paquet,Decoración,3,12/08/2024
752,Winthrop Grabiec,Accesorios de audio,3,12/08/2024
959,Ilyse Tildesley,Electrónica,4,12/08/2024
903,Dora Kingwell,Indumentaria,5,12/08/2024
834,Hailee Bailes,Electrónica,8,12/08/2024
286,Selig Gracey,Accesorios de audio,2,12/09/2024
901,Codie Licciardo,Decoración,2,12/10/2024
76,Sammie Stockford,Electrodomésticos,6,12/10/2024
678,Prue Harly,Electrodomésticos,6,12/10/2024
648,Elbertine Brobyn,Indumentaria,6,12/11/2024
950,Scarlet Mc-Kerley,Electrodomésticos,10,12/11/2024
820,Marcie Lewing,Electrodomésticos,2,12/12/2024
141,Klemens Mathieu,Accesorios de audio,3,12/12/2024
801,Elana Burniston,Electrónica,6,12/12/2024
504,Beverlee Zanussii,Artículos deportivos,7,12/12/2024
726,Noelle Caramuscia,Artículos deportivos,3,13/01/2025
623,Alvin Lockhart,Electrodomésticos,4,13/01/2025
120,Bernette Alfonsetto,Accesorios de audio,6,13/01/2025
18,Nichols Loney,Artículos deportivos,3,13/02/2024
142,Tod Chuter,Decoración,3,13/02/2024
658,Shaw Coryndon,Accesorios de audio,6,13/02/2024
130,Samaria Krook,Electrodomésticos,2,13/02/2025
33,Deane Bampford,Decoración,2,13/04/2024
340,Billie Dancer,Electrónica,3,13/04/2024
238,Pollyanna Prinnett,Artículos deportivos,5,13/04/2024
316,Angelia Minchinden,Electrodomésticos,5,13/04/2024
421,Lavina Murricanes,Electrónica,5,13/04/2024
235,Wilmar Eudall,Accesorios de audio,3,13/05/2024
491,Galen Radnage,Artículos deportivos,5,13/06/2024
874,Ford Hamsson,Decoración,5,13/06/2024
520,Padget Pelham,Artículos deportivos,3,13/07/2024
501,Gerrie Cortin,Accesorios de audio,4,13/07/2024
781,Rodi Aikman,Decoración,6,13/07/2024
228,Rinaldo Louiset,Accesorios de audio,3,13/08/2024
395,Aleksandr Spriggen,Accesorios de audio,3,13/08/2024
418,Levy Wooler,Artículos deportivos,3,13/08/2024
523,Francois McCrum,Decoración,6,13/08/2024
376,Sophronia Kinnane,Accesorios de audio,6,13/09/2024
935,Dean Kilgrove,Decoración,6,13/09/2024
135,Fanchette Tidcombe,Decoración,2,13/10/2024
225,Celestine Lates,Accesorios de audio,2,13/10/2024
96,Garwin Ebbutt,Electrónica,3,13/10/2024
287,Harcourt O'Griffin,Indumentaria,5,13/10/2024
628,Jill Chatelain,Electrodomésticos,3,13/11/2024
552,Manfred Ivakin,Electrodomésticos,2,13/11/2024
112,Hetty Layzell,Indumentaria,3,13/11/2024
469,Olive Dinneen,Electrónica,3,13/11/2024
352,Dani Rowbottam,Decoración,6,13/11/2024
599,Theodore Heighton,Electrodomésticos,2,13/12/2024
280,Mufinella Adamowicz,Electrónica,5,13/12/2024
787,Paddie Kless,Accesorios de audio,3,14/01/2025
480,Latisha Farrah,Electrónica,7,14/01/2025
25,Vilma Braunton,Decoración,3,14/02/2024
167,Romain Alison,Electrodomésticos,3,14/02/2024
186,Guntar Caldwall,Decoración,4,14/02/2024
15,Brear Cavilla,Artículos deportivos,5,14/02/2024
608,Mona Linke,Indumentaria,7,14/02/2024
366,Alejandra Bewlay,Decoración,4,14/03/2024
318,Flss Duddan,Indumentaria,5,14/03/2024
210,Yalonda Pyford,Indumentaria,8,14/03/2024
720,Solomon Brouncker,Artículos deportivos,4,14/04/2024
446,Gilles Wadley,Accesorios de audio,2,14/06/2024
401,Shem Trinkwon,Decoración,5,14/06/2024
90,Mei Ney,Indumentaria,1,14/07/2024
825,Aarika Marchington,Artículos deportivos,2,14/07/2024
813,Kevyn Knight,Decoración,4,14/07/2024
983,Lizzy Tyreman,Accesorios de audio,4,14/07/2024
497,Daniella Spraberry,Decoración,2,14/08/2024
180,Craggie Keal,Artículos deportivos,3,14/08/2024
361,Jasmin Zimmermeister,Decoración,3,14/08/2024
541,Lennie Fandrey,Artículos deportivos,3,14/08/2024
794,Brittni Munro,Decoración,4,14/08/2024
302,Glenden Rickaby,Decoración,3,14/09/2024
4,Cash Donnel,Artículos deportivos,4,14/09/2024
170,Aurilia Westwood,Electrodomésticos,6,14/09/2024
535,Ania Papworth,Accesorios de audio,3,14/10/2024
652,Bron Mulvaney,Electrónica,4,14/10/2024
32,Dennie Talboy,Electrodomésticos,6,14/10/2024
105,Salem Mohring,Artículos deportivos,2,14/11/2024
154,Davey Muddimer,Accesorios de audio,4,14/11/2024
589,Melly Segges,Decoración,4,14/12/2024
785,Conrade Ruskin,Artículos deportivos,4,14/12/2024
482,Ferris Van Vuuren,Accesorios de audio,5,14/12/2024
627,Ailee Kimmins,Artículos deportivos,5,14/12/2024
400,Shea Gallatly,Electrodomésticos,6,14/12/2024
624,Tamqrah McLukie,Accesorios de audio,6,14/12/2024
335,Henka Allchorn,Decoración,5,15/01/2025
44,Bethany Hollow,Electrónica,6,15/01/2025
677,Kat Cardello,Electrónica,6,15/01/2025
744,Hubert Prawle,Artículos deportivos,6,15/01/2025
971,Walker Twigge,Artículos deportivos,7,15/01/2025
363,Ferd Armin,Electrónica,2,15/02/2024
322,Linnea Mynott,Electrodomésticos,3,15/02/2024
267,Aida Hoyle,Electrodomésticos,4,15/02/2024
229,Otes Cotterrill,Decoración,3,15/02/2025
371,Durante Thomson,Decoración,2,15/03/2024
428,Del Dono,Electrónica,4,15/03/2024
55,Shamus Pouck,Electrodomésticos,2,15/04/2024
732,Phillip Heppner,Indumentaria,6,15/04/2024
498,Esteban Iwanowski,Artículos deportivos,7,15/04/2024
918,Seline McDarmid,Decoración,4,15/05/2024
974,Calypso Gajownik,Accesorios de audio,5,15/05/2024
718,Free Lambot,Indumentaria,3,15/06/2024
555,Gail Hallihan,Accesorios de audio,4,15/06/2024
537,Norma Rising,Artículos deportivos,5,15/06/2024
2,Peggi Arnaudi,Decoración,5,15/07/2024
431,Verge Pridmore,Indumentaria,2,15/07/2024
769,Denna Petegre,Artículos deportivos,3,15/07/2024
203,Jessamyn Gentry,Artículos deportivos,4,15/07/2024
382,Kanya Mather,Artículos deportivos,3,15/08/2024
929,Marietta Sawyer,Electrónica,4,15/08/2024
646,Alberta Dives,Indumentaria,5,15/08/2024
828,Culley Piesold,Electrodomésticos,6,15/08/2024
348,Shurlocke Orfeur,Electrodomésticos,3,15/09/2024
583,Korney Springall,Decoración,3,15/09/2024
79,Letizia Gavrielly,Artículos deportivos,4,15/09/2024
149,Thorvald Bellon,Accesorios de audio,2,15/10/2024
467,Cacilia Fenty,Decoración,3,15/10/2024
550,Eleni Chadderton,Artículos deportivos,6,15/10/2024
307,Dudley Camellini,Decoración,3,15/11/2024
919,Felice Lotherington,Indumentaria,4,15/11/2024
23,Remus Bevan,Decoración,6,15/11/2024
943,Monique Goldthorpe,Electrónica,9,15/11/2024
77,Gwenneth Merveille,Electrónica,4,15/12/2024
374,Jojo Cobbold,Decoración,7,15/12/2024
125,Hebert Ellesmere,Accesorios de audio,3,16/01/2025
510,Flory Killeen,Indumentaria,7,16/01/2025
749,Alric Venables,Electrónica,2,16/02/2024
662,Stefa Jahnke,Electrodomésticos,3,16/02/2024
101,Dorri Balsellie,Decoración,5,16/02/2024
892,Nial Dameisele,Artículos deportivos,5,16/02/2024
982,Ashia Rodwell,Accesorios de audio,5,16/02/2024
909,Carol Birchenhead,Indumentaria,4,16/02/2025
232,Marin Mival,Accesorios de audio,4,16/02/2025
40,Tamera Antrum,Electrodomésticos,6,16/02/2025
128,Constantia Le Leu,Decoración,7,16/02/2025
681,Domingo Kenright,Decoración,2,16/03/2024
591,Gerick Ockland,Indumentaria,4,16/03/2024
625,Trstram Bulfoy,Indumentaria,4,16/03/2024
410,Kally Lambertson,Electrónica,6,16/03/2024
207,Kristos Fontell,Artículos deportivos,2,16/04/2024
230,Yurik Bartleman,Accesorios de audio,7,16/04/2024
636,Beth Deeson,Decoración,4,16/05/2024
223,Bessie Kenefick,Accesorios de audio,2,16/06/2024
477,Hedy Clingoe,Decoración,4,16/06/2024
867,Kort Cragoe,Decoración,7,16/06/2024
968,Cullen Gilbertson,Electrodomésticos,7,16/06/2024
673,Percival Kellaway,Artículos deportivos,8,16/07/2024
231,Sherwynd MacKeague,Accesorios de audio,4,16/08/2024
963,Blanca Dunnet,Electrodomésticos,5,16/08/2024
331,Forester Lovett,Decoración,2,16/09/2024
764,Milty Babalola,Decoración,2,16/09/2024
301,Vida Chang,Indumentaria,3,16/09/2024
778,Isadora Lyddon,Accesorios de audio,6,16/09/2024
869,Natasha Wilcocke,Artículos deportivos,6,16/09/2024
922,Yul Jezard,Decoración,5,16/10/2024
606,Aloisia Maddicks,Electrónica,5,16/11/2024
697,Emeline Denisyuk,Artículos deportivos,5,16/11/2024
336,Kile Crankhorn,Electrodomésticos,2,16/12/2024
396,Eb Dallimore,Decoración,5,16/12/2024
879,Joyann Fould,Accesorios de audio,5,16/12/2024
960,Kaitlynn Udale,Indumentaria,3,17/01/2025
298,Demott Mayne,Decoración,4,17/01/2025
597,Jade Angelini,Electrodomésticos,5,17/01/2025
862,Bari Pilsworth,Artículos deportivos,5,17/01/2025
240,Babb Issakov,Electrónica,3,17/02/2024
868,Hayyim O'Driscole,Indumentaria,3,17/02/2024
923,Mill Skurm,Decoración,3,17/02/2024
199,Elisha Mayze,Decoración,6,17/02/2025
710,Franni Dancey,Artículos deportivos,6,17/02/2025
489,Cleopatra Readshaw,Accesorios de audio,4,17/03/2024
350,Conrade Varden,Indumentaria,6,17/03/2024
102,Olav Cradoc,Electrodomésticos,11,17/03/2024
464,Lena Strain,Artículos deportivos,3,17/04/2024
529,Natale Rae,Electrónica,5,17/04/2024
414,Allyn Cleve,Electrodomésticos,2,17/05/2024
85,Betteann Potes,Artículos deportivos,4,17/05/2024
593,Felipe Digwood,Electrónica,1,17/06/2024
601,Calypso Dalligan,Electrónica,3,17/06/2024
994,Kym Laminman,Indumentaria,3,17/06/2024
937,Janek Orneblow,Artículos deportivos,4,17/07/2024
407,Emlynn Barensen,Electrodomésticos,4,17/08/2024
698,Guillermo Bennetto,Accesorios de audio,5,17/08/2024
166,Niven Elms,Accesorios de audio,7,17/08/2024
107,Shane Pullin,Indumentaria,3,17/09/2024
766,Marlane Chewter,Electrónica,4,17/09/2024
833,Nataniel Scurry,Artículos deportivos,5,17/09/2024
427,Dominique McColl,Electrodomésticos,6,17/09/2024
666,Kylen Eglinton,Electrodomésticos,3,17/10/2024
665,Britt Endrici,Electrónica,6,17/10/2024
50,Davina Syson,Decoración,7,17/10/2024
722,Currey Gennings,Electrodomésticos,2,17/11/2024
708,Rheta Snape,Electrónica,4,17/11/2024
196,Axel Hindmoor,Artículos deportivos,7,17/11/2024
121,Barny Leathart,Decoración,2,17/12/2024
889,Saloma Rumsey,Accesorios de audio,3,17/12/2024
492,Merci Primrose,Artículos deportivos,2,18/01/2025
221,Lizette Pee,Electrónica,3,18/01/2025
295,Adan Luxmoore,Accesorios de audio,5,18/01/2025
519,Abbi Mityushkin,Accesorios de audio,5,18/01/2025
887,Earle Vanne,Artículos deportivos,1,18/02/2024
945,Maury Milburn,Accesorios de audio,1,18/02/2024
695,Welbie Loude,Artículos deportivos,3,18/02/2024
45,Darnell Richold,Electrodomésticos,3,18/02/2025
315,Farlee Watsham,Electrodomésticos,4,18/02/2025
19,Kalindi Hardan,Decoración,5,18/02/2025
967,Alvira Clinkard,Indumentaria,6,18/02/2025
592,Angeli Widdowes,Decoración,3,18/03/2024
516,Rubi Ruttgers,Electrónica,4,18/03/2024
408,Tadio Shoulder,Decoración,7,18/03/2024
653,Cathryn Woolhouse,Decoración,7,18/03/2024
618,Rudolf Tewkesberry,Electrodomésticos,4,18/04/2024
355,Casie Bennis,Electrodomésticos,2,18/05/2024
155,Cristiano Sutton,Accesorios de audio,3,18/05/2024
793,Sam Tutill,Accesorios de audio,2,18/06/2024
87,Fan Housecraft,Decoración,3,18/06/2024
542,Graehme Ivanikhin,Electrónica,2,18/07/2024
822,Leigh Sotworth,Electrodomésticos,3,18/07/2024
539,Kelcey Clover,Indumentaria,4,18/08/2024
709,Meir Gerasch,Artículos deportivos,4,18/09/2024
863,Brandice Olyunin,Decoración,3,18/09/2024
568,Katharine Botte,Indumentaria,5,18/09/2024
740,Jane Bayford,Electrodomésticos,5,18/09/2024
34,Adelaide Shafier,Decoración,9,18/10/2024
466,Hedvige Crysell,Indumentaria,2,18/11/2024
1,Siward Pien,Electrónica,3,18/11/2024
621,Sela MacCartney,Electrodomésticos,3,18/11/2024
126,Raynell Gouley,Electrónica,4,18/12/2024
533,Di Sheahan,Electrodomésticos,4,18/12/2024
660,Kathe Goodwins,Accesorios de audio,3,19/01/2025
317,Dedra McGeoch,Electrodomésticos,6,19/01/2025
567,Norbie Totterdell,Artículos deportivos,7,19/01/2025
181,Quillan Grundey,Accesorios de audio,2,19/02/2024
111,Dominick Budgett,Indumentaria,3,19/02/2024
78,Rani Enstone,Electrodomésticos,4,19/02/2025
620,Knox Chrispin,Electrónica,2,19/02/2025
409,Stanly Naisbet,Electrónica,4,19/02/2025
330,Claresta Game,Artículos deportivos,2,19/03/2024
961,Charmaine Drohane,Decoración,3,19/03/2024
365,Eulalie Oriel,Decoración,4,19/03/2024
741,Preston Rosel,Electrodomésticos,5,19/03/2024
460,Davey Cullington,Indumentaria,4,19/04/2024
650,Farr Lynagh,Decoración,4,19/04/2024
122,Christos Dragoe,Accesorios de audio,7,19/04/2024
261,Cordelie Burgyn,Artículos deportivos,7,19/04/2024
81,Zarah McCaster,Indumentaria,2,19/05/2024
735,Jacquelin Stichel,Electrónica,5,19/05/2024
986,Maure Laviss,Electrodomésticos,1,19/06/2024
857,Agnes Baistow,Artículos deportivos,3,19/06/2024
706,Garald Ciccarello,Electrodomésticos,4,19/06/2024
878,Andie Bittlestone,Indumentaria,4,19/06/2024
527,Donal Yakutin,Indumentaria,7,19/07/2024
830,Obie Stollery,Indumentaria,5,19/07/2024
517,Bonnee Spraggs,Artículos deportivos,1,19/09/2024
65,Tye Tawn,Electrónica,3,19/09/2024
434,Jefferey Hiddsley,Accesorios de audio,4,19/09/2024
956,Christian Glenn,Accesorios de audio,4,19/09/2024
848,Latisha Patroni,Indumentaria,5,19/09/2024
176,Griswold Salvadori,Accesorios de audio,6,19/09/2024
927,Jasun Andreu,Accesorios de audio,9,19/09/2024
975,Ernesta Ellerker,Accesorios de audio,4,19/10/2024
487,Peggie Climson,Electrodomésticos,5,19/10/2024
728,Corly Syncke,Indumentaria,3,19/11/2024
439,Quintina Thexton,Artículos deportivos,4,19/11/2024
558,Berri Raund,Artículos deportivos,6,19/11/2024
188,Justis Drabble,Electrónica,4,19/12/2024
435,Lowe O'Geneay,Electrodomésticos,4,19/12/2024
872,Lidia Dunne,Electrónica,5,19/12/2024
513,Virgina Caroline,Decoración,2,20/01/2025
411,Nedi Longhorne,Electrodomésticos,3,20/01/2025
926,Ulberto Whitemarsh,Indumentaria,5,20/01/2025
294,Shay Twidale,Accesorios de audio,8,20/01/2025
858,Lemmy Guitt,Electrodomésticos,4,20/02/2024
393,Marcile Sennett,Decoración,5,20/02/2024
729,Shalom Yitzhok,Accesorios de audio,2,20/02/2025
341,Leeanne Mapples,Indumentaria,5,20/02/2025
211,Nathanial Simpole,Indumentaria,8,20/02/2025
109,Jan Anstee,Indumentaria,4,20/03/2024
602,Forest Dobrowski,Decoración,6,20/03/2024
269,Bradly Geany,Indumentaria,5,20/04/2024
415,Skipton Davson,Accesorios de audio,5,20/04/2024
288,Fairfax Belleny,Decoración,3,20/05/2024
420,Blondy Jayme,Indumentaria,3,20/05/2024
303,Davidson Punshon,Decoración,4,20/05/2024
616,Susy Menlow,Accesorios de audio,2,20/06/2024
951,Wendell Wythill,Electrodomésticos,4,20/06/2024
372,Zandra Warnes,Artículos deportivos,5,20/06/2024
898,Kriste Benwell,Indumentaria,2,20/07/2024
339,Fleming Hutsby,Artículos deportivos,5,20/07/2024
192,Cate Halfhead,Electrónica,3,20/08/2024
152,Valli Raund,Accesorios de audio,4,20/08/2024
272,Jolie Arro,Decoración,1,20/09/2024
611,Lancelot Mulleary,Indumentaria,3,20/09/2024
969,Elmira Arnaud,Decoración,4,20/09/2024
581,Brandy Cann,Electrónica,3,20/11/2024
250,Josephine Brosnan,Accesorios de audio,3,20/12/2024
750,Skelly Cumesky,Electrodomésticos,4,20/12/2024
855,Arlee Woolpert,Electrodomésticos,4,20/12/2024
448,Donavon Etty,Electrónica,1,21/01/2025
663,Filbert Helstrom,Decoración,2,21/01/2025
243,Chauncey Sterke,Decoración,4,21/01/2025
399,Uriah Tomsu,Artículos deportivos,4,21/01/2025
727,Vittoria Alcoran,Electrodomésticos,2,21/02/2024
907,Fanchette Gerb,Accesorios de audio,1,21/02/2025
212,Tynan Flegg,Accesorios de audio,4,21/02/2025
146,Jennica Dearn,Indumentaria,4,21/02/2025
570,Nicolette Bittlestone,Accesorios de audio,7,21/03/2024
184,Ernaline Gelder,Accesorios de audio,2,21/04/2024
163,Germain Neads,Decoración,3,21/04/2024
284,Shirl Chance,Decoración,5,21/04/2024
873,Cristine Ponceford,Electrónica,5,21/04/2024
114,Laird Babb,Decoración,6,21/04/2024
594,Leland Bastian,Electrodomésticos,9,21/04/2024
75,Veronique Downie,Electrónica,3,21/05/2024
369,Sheelagh Mackiewicz,Electrodomésticos,2,21/06/2024
486,Mae Ben,Artículos deportivos,2,21/06/2024
97,Salem Stilgo,Electrónica,4,21/07/2024
746,Seline Zotto,Artículos deportivos,2,21/08/2024
494,Gene O'Shavlan,Accesorios de audio,3,21/08/2024
770,Shaw Daymond,Artículos deportivos,4,21/08/2024
12,Alvan Springford,Indumentaria,1,21/09/2024
92,Dixie Beszant,Indumentaria,2,21/09/2024
86,Cletus Varey,Electrodomésticos,3,21/09/2024
508,Roz Pitman,Accesorios de audio,5,21/09/2024
877,Pat Rawstorne,Accesorios de audio,2,21/10/2024
913,Prentiss Stride,Electrónica,6,21/10/2024
173,Samantha Bernardotti,Artículos deportivos,2,21/12/2024
265,Clive Stinton,Electrodomésticos,4,21/12/2024
182,Don Bodocs,Decoración,6,21/12/2024
95,Thatcher Sherrin,Artículos deportivos,4,22/01/2025
217,Timoteo Dade,Indumentaria,5,22/02/2024
585,Nari Roffey,Decoración,2,22/03/2024
920,Westbrooke Effaunt,Electrodomésticos,2,22/03/2024
713,Jaquenette Beckhurst,Artículos deportivos,4,22/03/2024
84,Maible Hannabus,Electrónica,6,22/03/2024
760,Bing Fahrenbach,Electrodomésticos,1,22/04/2024
70,Jacquetta Files,Indumentaria,3,22/04/2024
985,Vernen Stempe,Electrodomésticos,3,22/04/2024
226,Enrika Iacomelli,Accesorios de audio,5,22/04/2024
970,Julieta Trevance,Indumentaria,6,22/04/2024
80,Kaile Foan,Decoración,7,22/04/2024
137,Tory Loomis,Accesorios de audio,3,22/05/2024
277,Mauricio Micco,Accesorios de audio,4,22/05/2024
392,Timmy Carlyle,Decoración,7,22/05/2024
424,Trenton McGraw,Decoración,6,22/06/2024
354,Leyla Bertolin,Indumentaria,1,22/07/2024
449,Catriona Gerran,Decoración,3,22/08/2024
634,Afton Patrie,Artículos deportivos,5,22/08/2024
52,Corney Phettiplace,Accesorios de audio,5,22/09/2024
168,Emlynn Royson,Accesorios de audio,5,22/09/2024
997,Nadya Ludlem,Artículos deportivos,7,22/09/2024
946,Pearline Cardenoza,Decoración,3,22/10/2024
337,Aylmar Cumbes,Electrodomésticos,2,22/10/2024
751,Aimil Laye,Artículos deportivos,5,22/10/2024
962,Lorette Baines,Artículos deportivos,6,22/10/2024
244,Derril Janous,Indumentaria,2,22/11/2024
9,Simone Stapleford,Artículos deportivos,3,22/11/2024
476,Jonie Puckham,Accesorios de audio,4,22/11/2024
138,Agnes Demann,Accesorios de audio,3,22/12/2024
270,Jose Leathem,Artículos deportivos,5,23/01/2025
595,Garvy Cahan,Electrodomésticos,6,23/01/2025
779,Lorine Ingley,Artículos deportivos,3,23/02/2024
190,Sile Clausen,Indumentaria,2,23/02/2025
103,Lisabeth Whitebrook,Electrodomésticos,2,23/03/2024
577,Rebekah Poulter,Decoración,4,23/03/2024
743,Ab Jankovsky,Decoración,4,23/03/2024
345,Moshe Dedden,Electrodomésticos,5,23/03/2024
342,Halsy Stegell,Artículos deportivos,6,23/04/2024
323,Imelda Stott,Decoración,6,23/05/2024
843,Aida Rimell,Artículos deportivos,2,23/06/2024
881,Joanie Testo,Indumentaria,2,23/06/2024
429,Suzann Grodden,Indumentaria,3,23/06/2024
278,Vaughn Dory,Decoración,7,23/06/2024
802,Efren Nannetti,Decoración,2,23/07/2024
242,Jeannette Maith,Artículos deportivos,4,23/07/2024
260,Wilone Carff,Accesorios de audio,6,23/07/2024
674,Aldin Figge,Indumentaria,6,23/07/2024
631,Shaun Ainsley,Electrodomésticos,2,23/08/2024
799,Juan Guntrip,Electrónica,2,23/08/2024
782,Thaddus Sommerling,Electrónica,4,23/09/2024
110,Karita Pilpovic,Electrónica,3,23/10/2024
175,Aguste Punyer,Indumentaria,3,23/10/2024
143,Ashlan Ocklin,Indumentaria,4,23/10/2024
72,Roderick Woodard,Decoración,3,23/12/2024
258,Dulcy Sotham,Indumentaria,3,23/12/2024
942,Galven De Carteret,Decoración,3,23/12/2024
241,Pansie Tribbeck,Electrónica,5,23/12/2024
266,Laetitia Holgan,Electrodomésticos,5,23/12/2024
246,Bo Pithcock,Decoración,3,24/01/2025
145,Lock Hardeman,Decoración,6,24/01/2025
693,Malena Jeffers,Accesorios de audio,8,24/01/2025
485,Homere Colleer,Artículos deportivos,3,24/02/2024
387,Tremayne Rambadt,Electrónica,4,24/02/2024
664,Sheba Condell,Indumentaria,6,24/02/2024
183,Ethe Du Hamel,Decoración,4,24/02/2025
531,Garey Marcone,Electrodomésticos,6,24/02/2025
973,Waiter Sandry,Electrónica,8,24/02/2025
773,Halie Glison,Indumentaria,2,24/04/2024
451,Debee Kellaway,Artículos deportivos,7,24/04/2024
837,Anstice Daines,Artículos deportivos,6,24/05/2024
38,Ewell Burnie,Electrónica,5,24/06/2024
738,Randa Lack,Electrónica,3,24/06/2024
28,Halimeda Costanza,Electrodomésticos,5,24/06/2024
989,Janek Keay,Decoración,2,24/07/2024
692,Jenifer Hurn,Electrónica,4,24/07/2024
724,Wilden Purtell,Artículos deportivos,4,24/08/2024
821,Rinaldo Bousfield,Indumentaria,4,24/08/2024
514,Prince Pattie,Indumentaria,2,24/09/2024
500,Moshe Tizard,Electrodomésticos,5,24/09/2024
701,Florian Driffield,Decoración,5,24/09/2024
734,Maynard Sweetenham,Decoración,5,24/09/2024
925,Seline Seymark,Decoración,5,24/09/2024
947,Helen-elizabeth Bleakman,Decoración,1,24/10/2024
556,Esther Hanson,Decoración,4,24/10/2024
178,Rickert Acheson,Indumentaria,6,24/10/2024
807,Lucy Wharby,Decoración,1,24/11/2024
162,Sunny Trumble,Electrodomésticos,2,24/11/2024
325,Roz Sellar,Artículos deportivos,4,24/11/2024
978,Howey Winfred,Accesorios de audio,4,24/11/2024
823,Amandi Florey,Indumentaria,6,24/11/2024
865,Jordanna Daniaud,Decoración,5,24/12/2024
474,Andree Zapater,Electrodomésticos,6,24/12/2024
993,Carolan McEntee,Indumentaria,6,24/12/2024
484,Julina Locarno,Electrónica,2,25/01/2025
490,Guglielmo Rocks,Artículos deportivos,2,25/01/2025
259,Giles Spyer,Electrónica,5,25/01/2025
643,Xylina Arnoldi,Electrodomésticos,7,25/01/2025
309,Maynard Kynforth,Artículos deportivos,3,25/02/2024
569,Aime Lippitt,Decoración,3,25/02/2024
811,Berti Cato,Indumentaria,3,25/02/2024
957,Mattias Valens-Smith,Decoración,4,25/02/2024
687,Oneida Pauly,Decoración,6,25/02/2024
886,Norina Fehners,Electrónica,6,25/02/2025
423,Leigh Denison,Decoración,7,25/02/2025
445,Kare Skiplorne,Accesorios de audio,2,25/03/2024
54,Patricio Antoniou,Electrodomésticos,5,25/04/2024
852,Gardner Bill,Indumentaria,5,25/04/2024
860,Hubie Maudlen,Electrónica,3,25/05/2024
524,Verene Rosenau,Artículos deportivos,5,25/05/2024
441,Rockie Franzen,Accesorios de audio,5,25/06/2024
299,Oralie Maudling,Electrónica,5,25/07/2024
417,Harv Blazey,Accesorios de audio,2,25/07/2024
505,Gustavo Taberer,Electrodomésticos,4,25/07/2024
622,Claudina Sellwood,Electrodomésticos,4,25/08/2024
853,Dur Cheel,Electrodomésticos,2,25/08/2024
444,Killie Pithie,Electrónica,4,25/09/2024
742,Courtney MacAiline,Accesorios de audio,1,25/11/2024
255,Tulley Trebble,Decoración,4,25/11/2024
714,Lotty Dowsing,Accesorios de audio,4,25/11/2024
891,Bethina Calan,Indumentaria,5,25/11/2024
381,Elwin Morman,Electrónica,1,26/01/2025
511,Randy Harmeston,Accesorios de audio,3,26/01/2025
100,Alexei Jelliman,Accesorios de audio,5,26/01/2025
560,Terza Stroban,Electrónica,7,26/01/2025
151,Maurise Ciccone,Artículos deportivos,2,26/02/2024
385,Reyna Bourgeois,Electrodomésticos,2,26/02/2024
471,Reade Jacobsen,Indumentaria,2,26/02/2024
563,Brendon O'Mullally,Electrónica,2,26/02/2024
630,Marylou Bleythin,Indumentaria,3,26/02/2024
809,Guinevere Christauffour,Electrodomésticos,5,26/02/2024
346,Manolo Poupard,Decoración,6,26/02/2024
847,Godfry Wickey,Artículos deportivos,6,26/02/2025
198,Prince Lipyeat,Accesorios de audio,5,26/03/2024
362,Millicent Phillcock,Indumentaria,3,26/04/2024
861,York Thorwarth,Artículos deportivos,4,26/04/2024
964,Adelind Tickle,Electrodomésticos,4,26/04/2024
327,Lorena Burry,Accesorios de audio,8,26/04/2024
432,Robinson Moss,Electrónica,4,26/05/2024
635,Scarface Brundale,Accesorios de audio,6,26/05/2024
776,Alister Middleton,Artículos deportivos,2,26/06/2024
790,Hayward Bremen,Indumentaria,2,26/06/2024
16,Coral Grabert,Electrónica,4,26/06/2024
458,Anthia Veasey,Indumentaria,2,26/07/2024
483,Windy Colt,Indumentaria,5,26/07/2024
493,Dannie Cannop,Electrónica,6,26/07/2024
14,Isidora Welch,Indumentaria,3,26/08/2024
304,Fran Swatton,Electrodomésticos,3,26/08/2024
547,Finlay Poytheras,Decoración,5,26/08/2024
661,Alic Bastin,Artículos deportivos,5,26/09/2024
717,Bald Whitford,Artículos deportivos,2,26/09/2024
707,Kate Insoll,Accesorios de audio,3,26/12/2024
949,Amelina Blare,Artículos deportivos,5,26/12/2024
442,Patrica Van Der Hoog,Indumentaria,4,27/01/2025
626,Arthur Brisseau,Decoración,4,27/02/2024
419,Robbie Kellett,Artículos deportivos,1,27/02/2024
56,Jeannine Tyas,Accesorios de audio,2,27/02/2024
574,Minor Choake,Decoración,2,27/02/2024
159,Consuelo Geistbeck,Electrodomésticos,4,27/02/2024
600,Calida Faughny,Artículos deportivos,5,27/02/2024
835,Ashley Vowells,Accesorios de audio,1,27/02/2025
725,Alica Peppin,Artículos deportivos,3,27/03/2024
26,Arie Burridge,Indumentaria,4,27/03/2024
127,Nevil Fearick,Decoración,2,27/04/2024
22,Allys Gorry,Accesorios de audio,4,27/04/2024
47,Lynn Camillo,Indumentaria,4,27/04/2024
812,Sidonnie Mosen,Indumentaria,4,27/04/2024
676,Karalynn Lidstone,Decoración,5,27/04/2024
871,Tess Lubomirski,Decoración,5,27/05/2024
831,Perren McCosh,Decoración,3,27/06/2024
3,Anderea Cleugher,Artículos deportivos,3,27/06/2024
206,Teodorico MacDowall,Electrodomésticos,5,27/06/2024
455,Joceline Nortunen,Decoración,4,27/07/2024
562,Morganne Shipley,Electrónica,4,27/07/2024
979,Gretta Insoll,Indumentaria,4,27/07/2024
279,Harris Jimson,Electrodomésticos,5,27/07/2024
680,Cory Longmore,Accesorios de audio,6,27/07/2024
208,Cicily Aaronsohn,Electrodomésticos,2,27/08/2024
999,Rolph Carver,Artículos deportivos,2,27/08/2024
479,Alina Tomaszkiewicz,Electrónica,4,27/08/2024
839,Travers Rickard,Decoración,7,27/08/2024
870,Frannie Hobbema,Accesorios de audio,1,27/10/2024
150,Duffie Yankeev,Artículos deportivos,2,27/10/2024
671,Sanders Francioli,Electrodomésticos,4,27/11/2024
553,Slade Gurko,Decoración,6,27/12/2024
670,Tillie Pettendrich,Indumentaria,8,27/12/2024
700,Basilio Shewring,Accesorios de audio,6,28/01/2025
62,Borg Grinov,Accesorios de audio,7,28/02/2024
546,Irina Dungey,Electrónica,4,28/02/2024
21,Latia Goullee,Accesorios de audio,2,28/03/2024
772,Grantham Sjollema,Indumentaria,4,28/03/2024
899,Kimble Havile,Accesorios de audio,4,28/03/2024
582,Thekla Sidwell,Electrodomésticos,5,28/04/2024
98,Anastassia Beert,Artículos deportivos,6,28/04/2024
239,Ad Dottrell,Electrodomésticos,2,28/06/2024
189,Jo ann Van Hault,Accesorios de audio,3,28/06/2024
754,Monroe Brislawn,Electrodomésticos,4,28/06/2024
43,Nadya Lothean,Indumentaria,4,28/07/2024
895,Elisabeth Kilpatrick,Decoración,3,28/07/2024
610,Uri Campanelle,Electrodomésticos,5,28/07/2024
638,Albert Burwell,Artículos deportivos,5,28/07/2024
406,Chrystal Harber,Electrodomésticos,10,28/08/2024
247,Ravi Slott,Electrodomésticos,4,28/10/2024
789,Marin Chritchley,Indumentaria,5,28/10/2024
37,Ethelind Firminger,Electrodomésticos,3,28/11/2024
197,Olin Petran,Electrónica,3,28/11/2024
475,Bobbee Rous,Artículos deportivos,5,28/11/2024
571,Marisa Lesek,Indumentaria,5,28/11/2024
604,Sheree Trowel,Electrónica,5,28/12/2024
133,Miner Javes,Indumentaria,4,29/01/2025
195,Andrew Jakubovsky,Artículos deportivos,3,29/02/2024
932,Rosetta Patty,Artículos deportivos,4,29/02/2024
123,Krissy Kenwright,Artículos deportivos,2,29/03/2024
629,Violante Rivelin,Electrónica,5,29/03/2024
347,Trescha Bradfield,Decoración,6,29/03/2024
876,Gerti Cundey,Indumentaria,6,29/03/2024
488,Alfie Fancet,Indumentaria,3,29/04/2024
89,Steven Capon,Indumentaria,5,29/04/2024
161,Darlleen Godmar,Artículos deportivos,8,29/04/2024
765,Colline O'Coskerry,Indumentaria,2,29/05/2024
403,Christoph Kennifick,Electrónica,1,29/06/2024
703,Marty Munson,Electrónica,3,29/06/2024
540,Arlette Tummons,Electrónica,4,29/06/2024
940,Caron Banishevitz,Electrodomésticos,4,29/06/2024
117,Bernadette Pleasaunce,Indumentaria,5,29/06/2024
310,Elnore Lauchlan,Decoración,5,29/06/2024
1000,Gusta Walklott,Artículos deportivos,5,29/06/2024
586,Maddy Ghiron,Accesorios de audio,2,29/07/2024
285,Brena McLae,Artículos deportivos,3,29/07/2024
768,Elke Luigi,Accesorios de audio,5,29/07/2024
215,Brandyn Willowby,Artículos deportivos,3,29/09/2024
731,Caroljean Lowndsborough,Decoración,4,29/09/2024
59,Rem Mahoney,Electrodomésticos,5,29/09/2024
174,Mayor Newberry,Accesorios de audio,7,29/09/2024
590,Lorne Dosdale,Electrodomésticos,4,29/10/2024
912,Rosana Dumbare,Electrónica,4,29/10/2024
398,Gweneth Cooke,Accesorios de audio,5,29/10/2024
91,Ginger Mushawe,Indumentaria,6,29/10/2024
939,Quinn Haselden,Accesorios de audio,6,29/10/2024
885,Kelley Escalante,Decoración,4,29/11/2024
73,Dixie Flew,Electrónica,4,30/03/2024
131,Minne Meek,Electrónica,4,30/03/2024
642,Sigismundo Klazenga,Decoración,4,30/03/2024
609,Farrah Borrett,Electrodomésticos,5,30/03/2024
116,Randie Janas,Indumentaria,4,30/04/2024
588,Karissa Ferrotti,Artículos deportivos,5,30/04/2024
657,Allyce Thackwray,Electrónica,5,30/04/2024
6,Kamillah Jersh,Indumentaria,7,30/04/2024
981,Robinia Tant,Accesorios de audio,4,30/05/2024
721,Wolfy Lefeuvre,Artículos deportivos,6,30/05/2024
293,Arabella Marris,Decoración,3,30/06/2024
896,Wilone Cawthorn,Indumentaria,5,30/07/2024
222,Nicolas Hansemann,Accesorios de audio,5,30/08/2024
748,Zebulen Late,Accesorios de audio,6,30/08/2024
564,Joey Lipscomb,Decoración,4,30/09/2024
690,Dionis Buston,Artículos deportivos,4,30/09/2024
236,Gifford Brandsma,Decoración,5,30/09/2024
575,Hunt Paddock,Accesorios de audio,5,30/10/2024
214,Terrance Cope,Decoración,4,30/10/2024
803,Konstantine Spurdens,Electrodomésticos,5,30/11/2024
824,Avram Statter,Artículos deportivos,6,30/11/2024
248,Benson Amer,Electrodomésticos,8,30/11/2024
465,Zonda Assinder,Decoración,3,30/12/2024
495,Junette Alderwick,Electrodomésticos,3,30/12/2024
404,Robenia Simmill,Electrónica,5,30/12/2024
343,Madlin Doig,Accesorios de audio,4,31/01/2025
452,Gennifer Piddick,Indumentaria,4,31/01/2025
915,Dyann McCullum,Decoración,5,31/01/2025
685,Cecile Dionisetti,Accesorios de audio,2,31/03/2024
351,Noble Oldmeadow,Artículos deportivos,4,31/03/2024
388,Vanya Merton,Electrónica,2,31/05/2024
426,Farrell Spurdle,Electrónica,4,31/05/2024
841,Ambros Bart,Decoración,5,31/05/2024
736,Stacie Ratlee,Electrodomésticos,2,31/07/2024
257,Federica Petters,Artículos deportivos,3,31/07/2024
791,Skylar Malham,Decoración,5,31/07/2024
998,Royall Whelan,Electrodomésticos,5,31/07/2024
905,Vivianne Keir,Artículos deportivos,1,31/08/2024
292,Finn Carayol,Indumentaria,5,31/08/2024
29,Alano Muck,Electrónica,5,31/10/2024
193,Tomas Bernet,Electrodomésticos,5,31/10/2024
478,Carina Cunningham,Indumentaria,2,31/12/2024
543,Augustine Beddie,Indumentaria,8,31/01/2025
